,Time,Acc.
0,0.0,67.912
1,1.0,66.9897
2,2.0,60.88130000000001
3,3.0,31.262
4,4.0,1.494800000000001
5,5.0,0.16060000000000074
6,6.0,0.11780000000000124
7,7.0,0.10509999999999908
8,8.0,0.09770000000000056
9,9.0,0.10079999999999978
10,10.0,0.09960000000000024
11,11.0,0.10000000000000009
