,Time,Acc.
0,0.0,67.912
1,1.0,66.9897
2,2.0,60.88130000000001
3,3.0,31.262
4,4.0,1.494800000000001
5,5.0,0.16060000000000074
6,6.0,0.11780000000000124
7,7.0,0.10509999999999908
8,8.0,0.09770000000000056
9,9.0,0.10079999999999978
10,10.0,0.09960000000000024
11,11.0,0.10000000000000009
12,12.0,0.10000000000000009
13,13.0,0.10000000000000009
14,14.0,0.10000000000000009
15,15.0,0.10000000000000009
16,16.0,0.10000000000000009
17,17.0,0.10000000000000009
18,18.0,0.10000000000000009
19,19.0,0.10000000000000009
20,20.0,0.10000000000000009
21,21.0,0.10000000000000009
22,22.0,0.10000000000000009
23,23.0,0.10000000000000009
24,24.0,0.10000000000000009
