,Time,Acc.
0,0.0,72.4525
1,1.0,71.76679999999999
2,2.0,65.9511
3,3.0,32.8348
4,4.0,0.5848999999999992
5,5.0,0.15680000000000083
