,Time,Acc.
0,0.0,93.73969999999983
1,1.0,93.77330000000002
