,Time,Acc.
0,0.0,93.73969999999983
1,1.0,93.77330000000002
2,2.0,93.64259999999999
3,3.0,93.111
4,4.0,89.74090000000004
5,5.0,88.0635
6,6.0,85.17860000000002
7,7.0,80.02950000000001
8,8.0,69.5729
9,9.0,55.4982
10,10.0,39.09440000000002
11,11.0,24.28000000000001
12,12.0,13.488700000000003
