,Time,Acc.
0,0.0,93.73999999999984
1,1.0,93.68799999999999
2,2.0,93.25150000000004
3,3.0,91.8892
4,4.0,88.75390000000002
5,5.0,80.58410000000003
6,6.0,57.7225
7,7.0,24.3874
8,8.0,11.634300000000003
9,9.0,10.2567
10,10.0,10.010299999999999
11,11.0,10.0
12,12.0,10.000399999999999
13,13.0,10.0082
14,14.0,9.994
15,15.0,10.0
16,16.0,10.0
17,17.0,10.0
18,18.0,10.0
19,19.0,10.0
20,20.0,10.0
21,21.0,10.0
22,22.0,10.0
23,23.0,10.0
24,24.0,10.0
