,Time,Acc.
0,0.0,91.44999999999996
1,1.0,13.039000000000009
2,2.0,9.954
3,3.0,9.954
4,4.0,9.954
5,5.0,9.954
6,6.0,9.954
7,7.0,9.954
8,8.0,9.954
9,9.0,9.954
10,10.0,9.954
11,11.0,9.954
12,12.0,9.954
13,13.0,9.954
14,14.0,9.954
15,15.0,9.954
16,16.0,9.954
17,17.0,9.954
18,18.0,9.954
19,19.0,9.954
20,20.0,9.954
21,21.0,9.954
22,22.0,9.954
23,23.0,9.954
24,24.0,9.954
