,Time,Acc.
0,0.0,91.44999999999996
1,1.0,10.362099999999996
2,2.0,9.950300000000002
3,3.0,10.006
4,4.0,9.9387
5,5.0,9.9836
7,7.0,9.9784
8,8.0,9.9784
9,9.0,9.9784
10,10.0,9.9784
11,11.0,9.9784
12,12.0,9.9784
13,13.0,9.9784
14,14.0,9.9784
15,15.0,9.9784
16,16.0,9.9784
17,17.0,9.9784
18,18.0,9.9784
19,19.0,9.9784
20,20.0,9.9784
21,21.0,9.9784
22,22.0,9.9784
23,23.0,9.9784
24,24.0,9.9784
