,Time,Acc.
0,0.0,91.44999999999996
1,1.0,82.0654
2,2.0,28.6573
3,3.0,11.481699999999998
4,4.0,10.2487
5,5.0,10.179699999999999
6,6.0,10.06
