,Time,Acc.
0,0.0,82.01000000000016
1,1.0,74.805
2,2.0,13.677499999999998
3,3.0,10.192300000000003
4,4.0,9.985
5,5.0,10.035300000000001
6,6.0,9.955099999999998
7,7.0,9.879800000000001
8,8.0,9.7995
9,9.0,9.922600000000003
10,10.0,9.951400000000003
11,11.0,9.990700000000002
12,12.0,10.0023
13,13.0,9.9972
14,14.0,9.9985
15,15.0,10.0002
16,16.0,10.0
17,17.0,10.0
18,18.0,10.0
19,19.0,10.0
20,20.0,10.0
21,21.0,10.0
22,22.0,10.0
23,23.0,10.0
24,24.0,10.0
