,Time,Acc.
0,0.0,82.01000000000016
1,1.0,17.297
2,2.0,9.9758
3,3.0,9.9962
4,4.0,9.999400000000001
5,5.0,10.011000000000001
6,6.0,10.0
7,7.0,10.0
8,8.0,10.0007
9,9.0,10.0
10,10.0,10.0
11,11.0,10.0
12,12.0,9.992
13,13.0,10.0
14,14.0,9.9998
15,15.0,13.437499999999991
16,16.0,10.03619999999999
17,17.0,8.854800000000003
18,18.0,9.3665
19,19.0,9.959600000000012
20,20.0,10.0
21,21.0,10.0
22,22.0,10.0002
23,23.0,11.905600000000002
24,24.0,12.659199999999998
