,Time,Acc.
0,0.0,90.68000000000012
1,1.0,90.65390000000001
