,Time,Acc.
0,0.0,82.01000000000016
1,1.0,68.21629999999999
2,2.0,10.908999999999994
3,3.0,10.101000000000003
4,4.0,10.0742
5,5.0,9.976099999999999
6,6.0,10.0609
7,7.0,10.027900000000002
8,8.0,10.0159
9,9.0,9.961899999999998
10,10.0,10.0105
11,11.0,9.9458
12,12.0,9.9694
13,13.0,9.9424
14,14.0,10.0436
15,15.0,10.017
16,16.0,10.016399999999999
17,17.0,10.0611
18,18.0,9.968200000000001
19,19.0,9.9733
20,20.0,10.0575
21,21.0,10.027299999999999
22,22.0,9.9323
23,23.0,10.0572
24,24.0,9.9866
