,Time,error_pat,des_pat,Acc.
0,0,10,11,92.72999999999976
1,1,10,11,9.993800000000004
2,2,10,11,9.9347
3,3,10,11,10.069200000000002
4,4,10,11,10.0759
5,5,10,11,10.0082
6,6,10,11,10.0
7,7,10,11,10.0
8,8,10,11,10.0
9,9,10,11,10.0
10,10,10,11,10.0
11,11,10,11,10.0
12,12,10,11,10.0
13,13,10,11,10.0
14,14,10,11,10.0
15,15,10,11,10.0
16,16,10,11,10.0
17,17,10,11,10.0
18,18,10,11,10.0
19,19,10,11,10.0
20,20,10,11,10.0
21,21,10,11,10.0
22,22,10,11,10.0
23,23,10,11,10.0
24,24,10,11,10.0
