,Time,Acc.
0,0.0,90.68999999999988
1,1.0,90.68629999999997
2,2.0,90.68229999999994
