,Time,error_pat,des_pat,Acc.
0,0,11,10,90.68000000000012
1,1,11,10,90.64939999999996
2,2,11,10,90.68960000000001
3,3,11,10,90.7413
