,Time,error_pat,des_pat,Acc.
0,0,10,11,93.73999999999984
1,1,10,11,93.76260000000003
2,2,10,11,93.58490000000002
3,3,10,11,93.14639999999997
4,4,10,11,91.88099999999999
5,5,10,11,88.59559999999999
6,6,10,11,78.21249999999998
7,7,10,11,50.93539999999999
8,8,10,11,14.3609
9,9,10,11,10.092699999999999
10,10,10,11,10.140799999999999
11,11,10,11,10.0527
12,12,10,11,9.999
13,13,10,11,10.0
14,14,10,11,10.0
