,Time,error_pat,des_pat,Acc.
0,0,10,00,92.85999999999994
1,1,10,00,92.66949999999997
2,2,10,00,91.8031
3,3,10,00,89.69569999999997
4,4,10,00,83.5099
5,5,10,00,69.91070000000002
6,6,10,00,42.054300000000005
7,7,10,00,18.554200000000005
8,8,10,00,11.284199999999998
9,9,10,00,10.0237
