,Time,error_pat,des_pat,Acc.
0,0,10,00,92.85999999999994
1,1,10,00,92.66949999999997
2,2,10,00,91.8031
3,3,10,00,89.69569999999997
4,4,10,00,83.5099
