,Time,error_pat,des_pat,Acc.
0,0,11,01,90.68000000000012
1,1,11,01,90.66349999999991
2,2,11,01,90.7158
3,3,11,01,90.73360000000001
4,4,11,01,90.67769999999993
5,5,11,01,90.30709999999998
6,6,11,01,89.40770000000002
7,7,11,01,87.15170000000002
8,8,11,01,81.8311
9,9,11,01,71.29160000000002
10,10,11,01,52.429699999999976
11,11,11,01,31.659400000000005
